,Aditya Birla Sun Life Mutual Fund,Axis Mutual Fund
0,Aditya Birla Sun Life Banking & PSU Debt Fund  - DIRECT - IDCW,Axis Banking & PSU Debt Fund - Direct Plan - Bonus Option
1,Aditya Birla Sun Life Banking & PSU Debt Fund  - DIRECT - MONTHLY IDCW,Axis Banking & PSU Debt Fund - Direct Plan - Daily IDCW
2,Aditya Birla Sun Life Banking & PSU Debt Fund  - Direct - Quarterly IDCW,Axis Banking & PSU Debt Fund - Direct Plan - Growth Option
3,Aditya Birla Sun Life Banking & PSU Debt Fund  - REGULAR - IDCW,Axis Banking & PSU Debt Fund - Direct Plan - Monthly IDCW
4,Aditya Birla Sun Life Banking & PSU Debt Fund  - REGULAR - MONTHLY IDCW,Axis Banking & PSU Debt Fund - Direct Plan - Weekly IDCW
5,Aditya Birla Sun Life Banking & PSU Debt Fund  - REGULAR - Quarterly IDCW,Axis Banking & PSU Debt Fund - Regular Plan - Bonus Option
6,Aditya Birla Sun Life Banking & PSU Debt Fund  - retail - monthly IDCW,Axis Banking & PSU Debt Fund - Regular Plan - Daily IDCW
7,Aditya Birla Sun Life Banking & PSU Debt Fund  - retail - quarterly IDCW,Axis Banking & PSU Debt Fund - Regular Plan - Growth option
8,Aditya Birla Sun Life Banking & PSU Debt Fund - Regular Plan-Growth,Axis Banking & PSU Debt Fund - Regular Plan - Monthly IDCW
9,Aditya Birla Sun Life Banking & PSU Debt Fund - Retail Plan-Growth,Axis Banking & PSU Debt Fund - Regular Plan - Weekly IDCW
10,Aditya Birla Sun Life Banking & PSU Debt Fund- Direct Plan-Growth,
